{
	"IcoMoonType": "selection",
	"icons": [
		{
			"icon": {
				"paths": [
					"M796 694.286q-22.286 71.429-70.286 142.857-73.714 112-146.857 112-28 0-80-18.286-49.143-18.286-86.286-18.286-34.857 0-81.143 18.857-46.286 19.429-75.429 19.429-86.857 0-172-148-84-149.143-84-287.429 0-130.286 64.571-213.714 64-82.286 162.286-82.286 41.143 0 101.143 17.143 59.429 17.143 78.857 17.143 25.714 0 81.714-19.429 58.286-19.429 98.857-19.429 68 0 121.714 37.143 29.714 20.571 59.429 57.143-45.143 38.286-65.143 67.429-37.143 53.714-37.143 118.286 0 70.857 39.429 127.429t90.286 72zM581.143 24q0 34.857-16.571 77.714-17.143 42.857-53.143 78.857-30.857 30.857-61.714 41.143-21.143 6.286-59.429 9.714 1.714-85.143 44.571-146.857 42.286-61.143 142.857-84.571 0.571 1.714 1.429 6.286t1.429 6.286q0 2.286 0.286 5.714t0.286 5.714z"
				],
				"width": 795.9989929199219,
				"attrs": [],
				"isMulticolor": false,
				"tags": [
					"apple"
				],
				"defaultCode": 61817,
				"grid": 14
			},
			"attrs": [],
			"properties": {
				"id": 340,
				"order": 926,
				"name": "apple",
				"prevSize": 28,
				"code": 61817
			},
			"setIdx": 6,
			"setId": 3,
			"iconIdx": 340
		}
	],
	"height": 1024,
	"metadata": {
		"name": "icomoon"
	},
	"preferences": {
		"showGlyphs": true,
		"showQuickUse": true,
		"showQuickUse2": true,
		"showSVGs": true,
		"fontPref": {
			"prefix": "icon-",
			"metadata": {
				"fontFamily": "icomoon",
				"majorVersion": 1,
				"minorVersion": 0
			},
			"metrics": {
				"emSize": 1024,
				"baseline": 6.25,
				"whitespace": 50
			},
			"embed": false,
			"resetPoint": 59648
		},
		"imagePref": {
			"prefix": "icon-",
			"png": true,
			"useClassSelector": true,
			"color": 0,
			"bgColor": 16777215,
			"classSelector": ".icon"
		},
		"historySize": 100,
		"showCodes": true,
		"gridSize": 16
	}
}